,City,Temp(F),Cloudiness,Humidity,Wind Speed (mph),Latitude
0,Tabou,75.02,98,91,5.41,3.1840517964349715
1,Ribeira Grande,71.38,88,84,13.47,25.333972127946893
2,Hermanus,47.8,1,75,3.15,-69.28313016289783
3,Saint George,76.78,0,27,8.05,33.97042268219266
4,Saskylakh,22.51,99,92,19.17,73.15288571446584
5,Rikitea,70.29,14,70,23.35,-64.12895514231124
6,Atuona,77.54,5,74,19.82,-14.70087365802172
7,Gizo Government Station,83.93,82,66,1.99,-10.594168957823015
8,Hobart,66.7,75,66,11.5,-65.51525617085167
9,Amurzet,50.54,6,26,7.63,-68.25778514473463
10,Ancud,51.75,100,98,19.13,47.34883727900899
11,Honningsvåg,46.15,100,76,42.57,-41.43950847827592
12,Mataura,58.39,4,38,1.9,74.5376303331692
13,Fort Nelson,53.38,62,59,1.86,-21.644123302423935
14,Torbay,52.52,100,97,5.01,60.95305173267943
15,Airai,78.01,46,45,4.63,-36.49238996273326
16,Punta Arenas,41.11,100,75,14.97,33.087691269614226
17,Tura,81.88,27,73,3.38,6.202391738866069
18,Tuktoyaktuk,41.0,20,81,16.11,-63.573758579560504
19,Qaanaaq,14.11,100,85,7.54,-3.446866065691921
20,Pārvatipuram,79.66,100,87,4.03,67.05769746513548
21,Port Elizabeth,60.19,0,78,17.27,86.42212787525983
22,Port Alfred,56.17,100,89,3.0,87.1618520269856
23,Jati,86.72,4,50,7.02,-73.72759279573589
24,Cape Town,53.94,20,74,4.0,18.90611828442107
25,Nerchinskiy Zavod,39.45,21,32,4.79,-70.43393989183156
26,Hargeisa,70.29,6,64,7.43,-61.37177226875504
27,Namatanai,85.73,100,57,10.58,24.316709354566072
28,Coyhaique,39.15,75,81,1.14,-63.41069409384316
29,Butaritari,81.03,64,79,16.02,51.21383291880775
30,Tamalín,71.71,78,91,0.87,8.659405904861401
31,Ushuaia,40.66,75,70,2.3,4.611979314726
32,Puerto Ayora,65.55,72,97,7.0,-46.596121728097906
33,George Town,84.0,20,76,8.05,18.733894081657894
34,Pangai,82.51,20,61,13.8,21.28833311018903
35,Bethel,55.04,0,88,3.44,-77.86088594259955
36,Hofn,42.44,98,64,14.38,-76.26813073171716
37,Tuatapere,55.44,4,49,4.74,-6.517504161939371
38,Busselton,59.25,72,55,6.38,-12.870830542757076
39,Bourbonnais,53.92,100,90,5.75,-89.87799062112626
40,Jamestown,55.42,75,70,8.05,-46.70699181937479
41,Albany,54.91,100,91,2.37,-21.079118403629124
42,Comodoro Rivadavia,50.11,100,48,14.18,42.902066748788485
43,Cockburn Town,83.03,76,73,14.72,59.44828263649211
44,Bredasdorp,49.6,2,87,2.53,-46.304650273636106
45,Cherskiy,22.6,99,92,14.25,-82.2409943187868
46,Vaini,82.56,75,89,6.91,-75.8573751661522
47,Yangjiang,84.38,12,68,8.68,41.153400211188114
48,Muramvya,57.87,49,72,3.31,48.97839563565637
49,Coos Bay,55.53,100,100,2.42,-24.06447926795734
50,Sitka,58.89,75,82,0.0,-56.65170166240045
51,Kapaa,78.58,93,70,1.01,86.64140179548039
52,Saldanha,48.25,0,73,12.48,-46.60330687895496
53,Margate,54.77,14,87,3.0,-73.92900949865124
54,Loviisa,51.3,74,72,16.6,75.7539879768023
55,Sühbaatar,42.26,99,43,14.99,26.687921187401884
56,Juneau,54.55,75,97,0.0,-68.74083576615365
57,Kongsberg,50.5,72,88,4.0,76.16171864573701
58,Mossendjo,69.17,100,99,0.74,-82.42507757782452
59,Fortuna,55.94,95,87,3.69,20.58368673011509
60,San Patricio,78.03,100,66,7.58,-71.00734077672857
61,Otacílio Costa,57.51,100,99,1.9,70.63417992492492
62,Tasiilaq,23.92,10,68,4.72,57.78072587839273
63,Balagansk,37.62,60,61,8.16,80.44075621236667
64,Lovozero,38.52,54,87,6.67,-77.11064302463114
65,Santiago,59.99,59,55,0.98,-47.93026806702305
66,Itoman,84.22,40,74,21.85,-3.245143748858567
67,General Elizardo Aquino,55.67,46,95,2.82,42.69923012945938
68,Talnakh,29.21,100,96,10.78,-10.536949234645519
69,Pacific Grove,56.57,100,90,5.99,49.14416525669387
70,Ostrovnoy,40.87,74,92,13.98,25.261333052656056
71,Sinnamary,77.76,17,83,11.48,-78.64431376482386
72,Sandakan,85.26,99,72,3.71,-35.720414410886285
73,Beloha,77.81,0,47,1.23,-39.083578185882274
74,Bintulu,82.4,100,74,3.69,60.60410888520647
75,Ola,34.14,91,48,3.96,3.3399898255083826
76,Zalegoshch',46.81,41,96,10.63,49.76215088862887
77,Katsuura,59.02,100,95,18.68,59.114735743158974
78,Lompoc,59.49,13,92,1.01,59.63907857624079
79,Carnarvon,72.21,0,34,20.33,-3.456074051466544
80,Vardø,40.98,75,87,16.11,-84.28259291793256
81,Rameshki,49.55,91,73,10.63,78.8645715873316
82,Sann,92.41,0,25,8.14,37.81191639042555
83,Yellowknife,43.32,0,70,2.3,14.145601537174358
84,Wana,71.4,0,32,2.64,-49.99644646743608
85,Tiksi,20.44,100,88,31.7,-81.69193957501138
86,Castro,62.64,100,97,9.01,-67.01013834081017
87,Prescott,56.61,87,73,5.95,-27.541584105219883
88,Zyryanka,25.34,100,81,11.95,68.44083010695238
89,Ahipara,56.5,58,59,7.36,53.54935253674262
90,Cândido Mendes,76.37,29,84,5.57,67.47408971751148
91,Zhanakorgan,64.87,9,20,7.0,-71.74997249120386
92,Kirakira,83.01,60,75,5.19,-86.66456534079798
93,Alice,77.34,99,72,7.94,-15.056018758495597
94,Zalţan,69.73,1,65,8.16,25.343467474382223
95,Bata,74.98,100,91,4.81,-24.426960960630282
96,Beyneu,60.3,100,56,9.62,-63.542165510123
97,Arraial do Cabo,71.15,98,94,26.78,-16.01201749480576
98,Ibrā’,81.86,6,43,1.97,81.14919255251004
99,Olinda,74.93,75,88,0.0,31.43438899796999
100,Bonthe,76.62,97,89,3.36,-4.09738444141486
101,Dunedin,50.23,3,63,6.33,77.5238328463924
102,Yatou,62.51,5,42,7.85,10.060053663451
103,Barrow,37.89,33,61,28.83,-38.32302442876887
104,Coquimbo,56.93,0,82,8.05,5.693937368026326
105,Qian’an,54.88,35,29,11.77,-34.33671933491094
106,Fayaoué,73.54,100,83,27.54,3.052083490593887
107,Auki,83.05,98,73,3.33,56.708873155936004
108,Lorengau,83.82,98,73,10.18,52.91732478575753
109,Avarua,77.05,45,65,12.66,22.041430452950138
110,Antofagasta,56.48,22,60,3.27,31.04926380990645
111,Elbistan,58.01,0,51,2.66,-61.1504036727893
112,Jalu,64.53,0,65,7.7,-21.648113574969344
113,Saint-Philippe,72.99,34,74,14.14,79.30072975705227
114,Am Timan,70.11,100,89,4.92,57.41044973519118
115,Kremastí,67.93,20,73,2.3,25.86751535665313
116,Hilo,78.24,56,80,5.91,86.62070391506134
117,Faanui,78.3,16,77,23.44,32.00419698871663
118,Chokurdakh,22.59,100,85,20.83,67.14024793265722
119,Kutum,73.69,68,31,4.7,-46.96095741470796
120,Lebu,53.08,100,97,9.24,88.20249537008783
121,Tocopilla,62.47,17,63,2.71,69.75998524556951
122,Ürümqi,59.95,0,29,2.24,-52.9873766539953
123,Cidreira,63.68,100,96,7.7,-62.264816869266156
124,Blitar,82.81,100,74,9.19,34.22126751801663
125,Saint Paul Harbor,49.01,83,95,6.82,65.7702199122815
126,Bagdarin,31.86,100,74,3.15,-10.917166403202188
127,Champerico,79.45,85,79,4.54,-35.60260470280749
128,Jacareacanga,77.88,85,57,0.72,-1.2519206219209025
129,Mayumba,75.4,100,85,0.74,43.51045817735849
130,Port Lincoln,57.06,96,60,19.46,-15.34778684859566
131,Norman Wells,46.44,20,61,4.61,-87.83514220320609
132,Doha,84.15,0,79,9.22,28.02778714217989
133,Ca Mau,88.59,72,62,7.81,33.10484538982661
134,Port-Gentil,77.67,100,83,12.53,-86.78473057561683
135,Chauk,87.71,5,63,3.87,26.29701418058349
136,Geraldton,70.21,1,32,12.66,2.073447590606932
137,Kupang,93.78,40,52,13.8,15.65045886183762
138,Kudahuvadhoo,82.04,54,76,17.67,-79.84094022673625
139,Hong Kong,87.44,44,69,5.01,46.39953493430821
140,Cabo San Lucas,83.52,17,74,1.01,42.93735805753548
141,Kavieng,85.51,98,61,13.49,-44.30956281995839
142,Koper,55.58,70,84,5.75,-87.80249201469331
143,Sarkand,63.73,2,22,6.02,20.720595986119292
144,Piney Green,63.36,11,93,5.7,55.891898081285234
145,Swan River,30.7,0,51,5.61,-9.140863468141958
146,Ossora,39.49,63,46,13.42,4.264413803671886
147,Mahon,70.36,75,94,13.8,59.8332905161287
148,Aykhal,22.66,100,90,11.97,-61.87156472878715
149,Mossamedes,62.56,86,86,9.91,-55.63485310774599
150,Port Hedland,93.25,22,26,13.8,37.262033296667695
151,Hasaki,57.6,100,92,23.2,23.389312347045703
152,Russell,57.87,0,47,3.2,72.65928255652656
153,Taltal,63.9,0,47,3.94,-26.0909587011014
154,Çumra,50.7,71,87,10.92,-75.89640777679564
155,Itarema,77.63,6,83,12.97,55.68984837909309
156,Dudinka,29.62,100,87,17.36,-80.60398857042759
157,Ilhabela,70.88,100,94,8.12,44.744107131315076
158,Srandakan,82.22,100,77,11.1,-2.7856677353014163
159,Markova,54.14,100,86,1.43,-30.198680435216005
160,Madang,84.99,100,68,6.11,83.85824084226292
161,Lata,59.92,69,62,2.95,-19.730403201854784
162,Tilichiki,33.64,83,60,20.02,75.04243510314484
163,Mount Gambier,55.31,100,76,20.71,-72.14585505454934
164,Taoudenni,92.98,74,20,4.54,-4.2123346070492005
165,Lagoa,70.16,70,88,12.97,-39.35111475220398
166,Vila Velha,75.15,40,88,9.22,5.319468426656243
167,Abū Zabad,75.38,92,74,6.33,-24.899082208088828
168,Anadyr,35.01,40,47,22.37,-23.539230445679365
169,Krupina,50.65,32,86,3.33,37.7756796516299
170,Te Anau,54.19,10,47,1.59,24.41240820833491
171,Lira,63.97,99,94,3.29,-68.93269476066897
172,Les Escoumins,49.12,93,93,3.58,84.1368038489268
173,Meulaboh,74.41,100,95,4.9,11.713818975589504
174,Zhangye,57.72,2,24,12.86,36.35657483294291
175,Zhigansk,23.07,99,71,9.35,20.10128532138623
176,Mehamn,44.55,75,81,29.93,-15.755925195732047
177,Finschhafen,86.0,97,63,10.33,86.09244615230546
178,Iqaluit,22.69,100,85,11.5,19.168495164710635
179,Dikson,33.33,100,98,20.67,-28.06394221191149
180,Murwillumbah,70.32,100,60,13.8,-21.624989709725426
181,Bouillante,76.23,5,81,8.46,43.01804144297185
182,Tsimmerbude,48.25,0,78,14.41,81.60444908113118
183,Gorom-Gorom,82.85,55,45,4.92,-47.143654283054865
184,Barra de Tecoanapa,78.89,29,82,3.6,-8.090403858975947
185,Narsaq,29.26,100,74,6.4,-62.93102359495881
186,Bathsheba,83.01,40,78,13.8,40.866720816966364
187,Henties Bay,53.31,3,93,4.65,15.591865835894225
188,Mahébourg,71.89,40,64,11.5,54.02111358694415
189,Angra dos Reis,73.74,100,86,5.77,-15.737639020197776
190,Khovd,37.63,91,45,10.63,52.68568854044483
191,Tumpat,84.24,87,72,6.42,-40.27647945772415
192,Morehead,54.59,0,92,0.0,6.769588929205582
193,Keïta,84.81,85,45,7.07,-72.24288978578477
194,Pevek,27.21,100,80,29.86,-6.82475310863849
195,Chake Chake,73.8,30,85,8.57,-5.330955990238934
196,Upernavik,24.08,100,85,1.5,-66.42985958503967
197,Eureka,56.39,95,86,1.99,-41.12291220816136
198,Kahului,78.67,87,87,5.01,67.87643252063367
199,Townsville,83.28,40,61,18.41,85.30472302038777
200,Ugoofaaru,81.72,68,75,16.11,-57.610801855087345
201,Pisco,57.25,0,88,3.44,-31.046899557179316
202,Kiryat Gat,70.95,43,100,3.04,-23.99239948804039
203,Richards Bay,69.13,99,79,15.79,-41.446726949939325
204,Camacha,67.42,20,78,13.8,83.41957035581959
205,Montepulciano,54.63,95,79,1.81,-64.05005529640017
206,Souillac,71.98,40,64,11.5,3.0044087952312992
207,Portland,65.28,0,79,1.01,28.13583831905852
208,Svetlaya,51.04,45,34,11.45,7.966170330888019
209,Porto União,59.31,100,100,1.41,-52.49883085861677
210,Prieska,59.32,100,34,6.82,10.57550206590119
211,Morros,78.93,87,36,2.46,-29.812860006961465
212,Baykit,33.93,92,80,3.96,-0.4285169290148616
213,Touros,76.17,22,87,10.67,32.47928785665964
214,Kassala,81.34,63,61,7.63,21.15942655713286
215,Leningradskiy,28.76,100,89,31.92,-35.84612849480821
216,Nikolskoye,52.9,95,73,13.27,-32.70446700911452
217,Codrington,59.49,30,69,21.34,-13.214679832114797
218,Sibolga,79.75,100,78,3.49,-49.28466206830683
219,Egvekinot,21.94,100,86,15.43,-89.97271349983126
220,Daru,80.4,99,88,14.58,3.1041945501350483
221,Naples,65.46,0,65,3.44,-84.17921809830158
222,Konya Province,48.65,100,82,9.26,-17.67786358996821
223,Ratnagiri,76.51,100,88,3.42,-80.86393132764267
224,Longyearbyen,40.84,100,70,19.57,-86.79102385719368
225,Los Llanos de Aridane,69.55,0,68,19.57,-44.00030870938701
226,Saint-Augustin,53.35,100,83,4.36,-89.63566921613153
227,Bluff,49.3,13,60,10.0,-23.391313612721888
228,Tahe,43.3,30,33,7.38,2.7940054943535557
229,Kruisfontein,55.89,60,84,8.12,9.068144517658155
230,Chapleau,31.91,100,95,12.3,35.04743052212824
231,Dalby,79.99,33,39,4.0,8.528850877658584
232,Hobyo,78.01,79,82,17.54,-4.528365202970534
233,Poya,79.61,74,61,10.31,45.54187165127027
234,Øksfjord,46.56,100,86,37.47,-38.62811040659958
235,Brooks,48.04,0,63,7.83,45.61054702897283
236,Adrar,83.8,3,24,3.0,87.57051738883885
237,Ampanihy,78.73,0,38,0.96,-81.75354436555214
238,Doka,73.62,97,85,4.52,33.76607490695632
239,Havelock,65.68,0,88,3.44,51.87843244744178
240,Hergla,62.46,0,72,0.0,-73.45185768743535
241,Mar del Plata,50.04,0,87,5.99,58.840529402458685
242,Marsh Harbour,78.66,18,68,12.3,57.60859380089309
243,East London,61.74,0,72,11.5,14.406430931711625
244,Abay,55.78,62,34,6.55,69.96761165207457
245,Santa Maria,60.1,100,94,5.75,-67.26973529612991
246,Mkushi,60.57,10,40,5.23,-75.81271216141434
247,Shingū,69.15,100,93,4.72,-69.35960086312487
248,Bandarbeyla,80.58,39,70,18.34,-70.87454934982769
249,Zhoucheng,63.7,28,52,7.96,-42.69402671302795
250,Parrita,76.68,100,90,3.47,-20.556851316845012
251,Kautokeino,37.38,99,90,16.91,-55.500097070282536
252,Hunterville,52.7,64,56,6.15,-17.064618671548587
253,Sistranda,46.36,78,69,14.09,5.7402108940504775
254,Forbes,62.92,100,98,9.6,63.49677415695396
255,Udachny,26.46,100,68,9.4,22.960219965603642
256,San Juan,67.21,6,25,3.42,-27.256996259185712
257,Lüderitz,58.24,24,55,18.41,-25.04389557231552
258,Harwich,53.96,44,87,5.99,37.76910273725059
259,Ust'-Kulom,41.56,95,94,7.27,7.666480601827601
260,Shenjiamen,65.14,100,80,17.38,71.93192940335032
261,Newark,60.15,0,75,5.01,-28.0855890224882
262,Balkanabat,68.72,0,19,3.67,-10.532162288639597
263,Nemuro,51.15,100,68,4.5,58.73507118285531
264,Fort Frances,36.79,100,66,8.05,4.690615035386628
265,Edgecumbe,66.9,1,40,6.15,-5.237558991357872
266,Leshukonskoye,46.29,100,92,9.71,-61.802575676745235
267,Mandurah,59.32,15,57,9.1,-7.190867721699988
268,Morón,60.17,37,51,7.9,58.895565138953174
269,Yerbogachën,33.73,100,59,5.73,-56.181800458321334
270,Añisoc,69.62,100,100,0.47,84.64792116847363
271,Bambous Virieux,71.85,40,64,11.5,-56.58202300287444
272,Pemangkat,81.36,100,77,5.26,-39.829566413204496
273,Farafenni,76.1,1,91,4.76,-75.59141305933994
274,Embonas,62.73,10,69,3.2,22.259071954527514
275,Plérin,47.19,46,93,1.01,46.337253569195724
276,Padang,80.65,100,77,0.04,-60.95285828356365
277,Bound Brook,57.38,0,88,0.0,27.680667409669127
278,Gold Coast,72.63,100,69,13.8,46.74726043442098
279,Betamcherla,77.32,99,78,5.84,-20.530229239059622
280,Muhos,47.98,77,89,10.67,11.964018849007061
281,Vulcan,47.07,98,60,2.13,68.60748958147684
282,Cleburne,72.41,0,48,0.0,61.141745879880204
283,Mitsamiouli,76.53,4,78,11.65,48.263583085421544
284,Khuzhir,39.29,94,56,11.61,-44.079277611916
285,Esperance,57.56,99,55,9.71,-40.81562139872638
286,Berlevåg,44.4,100,81,25.32,-39.548552600076654
287,Haines Junction,41.2,89,81,3.58,-48.54885270507209
288,Xambioá,78.35,27,56,2.08,-64.29326100831162
289,Algiers,71.42,40,56,4.61,-4.81955411779586
290,Tabas,72.36,0,5,2.42,2.5671768891349274
291,Riyadh,81.79,0,14,3.47,48.29167964413057
292,Alofi,78.69,75,73,17.27,3.967807535114531
293,Jackson,70.25,90,47,1.01,29.769246383864527
294,Manta,70.5,74,84,13.2,76.21627367600433
295,Mets Parni,46.22,41,88,5.95,-73.46981897243019
296,Severo-Kuril'sk,45.43,52,60,16.51,39.26718466287639
297,Vrangel',51.76,42,43,5.88,-33.085800154013285
298,Plettenberg Bay,56.62,86,82,5.41,81.65981169925189
299,Chui,55.8,100,91,14.14,67.98522497373926
300,Aranos,58.64,2,13,14.16,80.79667527729285
301,Valjevo,52.56,100,64,3.2,67.79534576132218
302,Quatre Cocos,71.1,37,69,15.37,-6.741525388111953
303,Kribi,75.18,100,89,1.32,-15.516041916916222
304,Mildura,64.08,54,74,18.79,59.479550558123435
305,Tigzirt,71.29,67,68,4.47,77.63174026664205
306,Laguna,75.67,0,51,0.0,59.06006732616737
307,Khatanga,22.71,100,94,14.41,-28.274099276281554
308,Eyl,79.21,52,71,14.45,15.887454545977377
309,Yar-Sale,37.94,100,97,9.28,48.18495672002439
310,Liverpool,56.52,100,82,11.5,-14.928562984443957
311,Pangnirtung,27.72,100,87,3.15,15.25653700080241
312,Trairi,77.34,11,83,10.04,6.283152038634256
313,Okhotsk,35.26,100,39,6.58,81.45151228301398
314,Brae,51.22,94,82,24.7,-36.6206300464642
315,Qaryat Sulūq,65.84,0,63,6.17,-22.995788848351424
316,Strezhevoy,42.31,100,82,13.24,88.02832901565492
317,Kuusankoski,46.42,40,99,9.22,-40.93094882636737
318,Umrāla,81.79,98,61,12.5,12.95991109427932
319,Ténenkou,82.08,29,49,4.72,-20.913686780868147
320,Ixtapa,74.41,29,92,2.33,64.91856146819256
321,Kavaratti,80.87,68,74,9.57,-45.87064380469898
322,Maceió,76.44,75,94,5.75,-30.034692363190537
323,Nome,42.17,27,85,20.42,-73.16552335330994
324,Yangi Marg`ilon,63.32,99,31,6.91,-23.044025789953196
325,Korla,62.08,62,30,2.04,41.68154985455564
326,Bengkulu,76.01,100,80,2.84,6.271826788267887
327,Ilulissat,22.14,100,73,4.63,60.35838664282457
328,Kollam,80.78,40,73,4.92,3.1398133583831793
329,Erbil,73.22,0,20,6.91,-38.33740162486548
330,Clyde River,23.23,100,86,5.75,-8.666373014667371
331,Bajil,85.68,73,68,3.56,69.16293520775315
332,Thompson,30.36,20,69,6.91,15.203763646246742
333,Shakhtinsk,59.18,87,35,7.85,41.837524533799524
334,Chengzhong,60.33,99,69,4.29,89.44698354939257
335,Lavrentiya,38.61,71,72,29.73,17.222260418005376
336,Cananea,54.25,93,79,5.55,77.87860496140127
337,Zaruma,62.26,95,92,1.34,-5.5755754137178
338,Zelenoborsk,43.29,100,97,4.85,86.51773679713014
339,Bolong,86.63,65,67,5.41,44.309698770453394
340,New Norfolk,64.02,82,66,1.01,-6.532597345488043
341,Nadym,37.26,100,98,14.94,8.818007501896204
342,Thabazimbi,65.21,0,33,4.27,41.18630521646534
343,Avera,56.62,0,47,2.89,-25.924741071265316
344,Otane,56.01,60,60,10.6,24.60344381964528
345,Panacan,84.72,100,74,7.87,-18.75707958440732
346,Jega,78.24,100,76,4.18,6.268019776779084
347,Hithadhoo,80.69,91,78,17.36,-23.763063645681186
348,Buraidah,77.07,0,13,2.01,-61.95157489316363
349,Victor Harbor,64.0,64,52,1.99,17.02668964208884
350,Rio Claro,69.44,100,91,5.32,82.25243244577999
351,Chunian,82.24,0,57,7.78,-86.01070945779603
352,Paraíso,65.41,97,97,2.55,9.120408478240734
353,Asău,50.92,100,76,4.25,27.203966551095192
354,Viedma,51.3,53,36,9.62,-30.17356630228865
355,Jagtiāl,77.0,94,88,15.26,34.50067403846846
356,Tarauacá,73.45,17,93,1.83,-88.48239893988274
357,Constitución,52.36,11,85,5.59,87.24240913565151
358,Perené,69.48,58,94,1.83,67.22682760842031
359,Kościerzyna,47.91,1,81,7.63,29.29872580094164
360,Dwārka,82.42,100,71,9.66,42.84563618411886
361,Fukuechō,64.76,75,77,8.05,2.240257781504269
362,Chāndbāli,86.18,9,70,6.42,32.5711116397717
363,Kieta,84.22,96,64,4.65,-55.68874320223309
364,Bayan,49.98,3,30,7.38,42.37493130156534
365,Mogadishu,77.85,68,79,13.51,-44.6018222432418
366,Ulladulla,63.9,100,92,7.45,47.13103978792077
367,Moose Factory,39.18,100,70,12.66,74.85313974974417
368,Nelson Bay,68.94,100,80,11.01,44.18482242342975
369,Cayenne,73.44,0,88,0.0,-42.69781673639663
370,Ous,42.42,100,96,2.71,-26.429500064054686
371,Ipameri,71.69,100,76,2.28,-28.86552219762605
372,Cooma,58.77,75,94,11.5,-55.836353325162214
373,Kearney,45.75,0,55,16.11,69.53024447383223
374,Klaksvík,45.52,86,77,10.83,-9.774812319335524
375,Peru,57.43,95,74,13.47,-59.555953634480915
376,Shelburne,51.62,100,94,8.46,60.82452708130532
377,Akşehir,51.44,99,84,6.6,23.876883816671167
378,Le Vauclin,78.85,0,83,3.44,12.178190419604903
379,Grand Gaube,71.38,17,68,11.01,-0.9911033910725564
380,San Cristobal,68.18,100,98,1.52,15.3316053556007
381,Sisimiut,28.78,100,87,5.19,-64.91425670723777
382,Olafsvik,41.56,100,73,17.07,77.44265383495309
383,Marabu,84.34,40,79,5.75,-83.68083352804267
384,Kaeo,61.32,88,62,3.78,76.740469474814
385,Abu Samrah,67.89,0,68,3.76,41.124630151230775
386,Hualmay,60.73,5,84,8.12,21.6413033487363
387,San Javier,65.12,0,78,8.01,1.9596536393772936
388,Kennett,67.14,0,58,4.61,52.628843029251186
389,Kaseda-shirakame,70.38,100,77,20.76,-35.869807095379024
390,Keti Bandar,84.15,1,65,9.73,75.59605526897738
391,Husavik,36.36,100,98,9.73,82.27938046349001
392,Indramayu,85.46,98,62,6.6,65.89111245671708
393,Durrës,46.58,44,52,5.37,0.834820250203947
394,Stornoway,48.63,100,77,17.27,-63.0802920397265
395,Guerrero Negro,69.46,5,84,14.85,-8.952368328690895
396,Marawi,82.27,32,66,2.91,-61.804906222791864
397,Sembakung,88.02,99,61,0.69,26.10039459597651
398,Savalou,71.76,100,97,1.97,-42.370164048447705
399,Ponta do Sol,70.72,46,59,5.59,-88.83867234092963
400,Saint Anthony,44.58,100,79,10.36,77.63814199861883
401,Mirny,23.23,91,67,7.0,38.06672800867457
402,Bemidji,36.97,100,82,0.0,-52.107256271325554
403,Manavālakurichi,84.02,14,65,13.31,16.588419555311532
404,Khor,48.04,2,37,10.2,84.25342569530372
405,Rabo de Peixe,66.27,20,92,3.44,2.3469035391888156
406,Sangar,27.5,55,51,10.18,74.61782283873777
407,Rocha,55.78,100,96,12.73,-17.520572898600463
408,Boa Vista,78.78,20,78,5.75,26.935105187677124
409,Cap Malheureux,71.47,19,68,11.01,-57.67064988025966
410,Seredeyskiy,48.52,46,83,12.35,57.15731034768342
411,Srednekolymsk,25.65,84,79,12.35,82.12266282882317
412,Mmathubudukwane,65.23,0,36,4.83,22.651769285753915
413,Agüimes,68.25,20,78,18.41,52.93626128476615
414,Connersville,55.29,6,78,7.72,-52.490078048421736
415,Houma,68.99,0,88,3.44,3.5333546358048835
416,Sharjah city,89.2,0,52,7.76,-85.98177286305183
417,Hinche,71.87,97,94,1.92,-52.051633427256235
418,Khandyga,26.53,86,52,0.87,83.38441737924396
419,Cotonou,76.91,100,88,9.22,78.16222177010062
420,Distrikt Brokopondo,77.52,15,80,6.78,16.679526325219385
421,Rūdbār,65.98,0,12,6.06,74.93306305590218
422,Hay River,48.4,3,63,3.11,-76.71342033000448
423,Provideniya,39.31,100,93,27.0,-86.30633758018786
424,Sobolevo,44.65,10,96,10.94,52.45412237587024
425,Veinticinco de Mayo,53.98,1,64,3.0,-78.71764771888073
426,Dekernes,64.4,0,71,3.96,-72.81200628265566
427,Mauá,66.22,100,94,3.74,48.01300693481474
428,Mayo,57.24,0,93,1.01,-27.118505865254782
429,Kropotkin,52.25,0,60,6.22,-81.41805718191993
430,Thongwa,86.52,29,71,5.84,-21.41859534097982
431,Petrolina de Goiás,76.41,95,55,2.42,-12.29099393042155
432,La Baule-Escoublac,44.26,0,93,4.61,-57.42213886988268
433,Puerto Lempira,78.53,95,87,5.68,9.58940561187859
434,Valparaíso,59.58,0,90,3.44,55.182896818178506
435,Baruun-Urt,46.11,100,19,6.6,4.088988868490233
436,Kamenka,47.95,55,85,7.23,89.17089807355842
437,Kramat,84.06,100,75,6.6,-26.168929065524523
438,Aksarayskiy,53.35,0,62,5.37,74.34471723610338
439,Kaabong,66.0,57,70,12.55,72.69515337516981
440,Lembeni,64.35,99,81,6.78,-28.121046913903633
441,Havre-St-Pierre,48.56,100,100,4.61,-59.85570169139902
442,Kulhudhuffushi,81.79,26,74,17.0,-59.24651435417857
443,Batagay-Alyta,18.75,96,68,3.87,69.92587044907458
444,Solnechnyy,43.61,55,36,6.04,11.702276959963314
445,Aklavik,48.7,100,73,18.52,-55.45697889416882
446,Karratha,88.72,26,29,12.12,-71.67467840419117
447,Juegang,64.9,99,67,10.22,51.03662420908756
448,Umba,44.11,80,83,16.11,-60.63652925290178
449,Hamilton,55.74,15,77,3.24,28.38906043475427
450,Sandviken,48.92,9,79,11.27,55.509363701878556
451,Pāsighāt,81.82,63,77,3.53,-83.71748163348482
452,Edson,47.91,2,81,1.16,-5.8226114453840125
453,Malakal,72.48,92,90,2.98,-26.769161077689198
454,Omboué,75.6,100,88,5.59,-6.939988429999886
455,São Félix do Xingu,77.77,79,63,1.74,-82.84880871971171
456,Norwich,53.17,40,91,11.5,4.014374695077819
457,Susanville,57.04,0,33,5.75,-72.96147187601514
458,City of San Pedro,90.32,100,64,8.77,13.795504880169162
459,Midrand,65.62,0,47,6.91,20.158459738657626
460,Kochki,45.01,100,81,8.63,-12.231786783532812
461,Hong Gai,78.71,24,62,12.24,45.23899934353577
462,Kestel,54.88,80,88,3.98,-9.794242395710015
463,Hauterive,56.16,100,95,2.71,75.68530327562706
464,Ingham,49.96,100,86,13.8,-19.198303791930527
465,Sittwe,85.26,15,69,3.24,-64.69178653510588
466,Langham,34.83,61,34,6.98,31.657349496952023
467,Flinders,67.03,100,82,9.82,-78.03685996981174
468,Palmer,52.14,0,84,0.0,60.71611861263821
469,Port Blair,80.64,75,83,8.05,-1.0842804239190116
470,Alice Springs,80.15,2,32,12.66,78.53247588381734
471,Vostok,43.23,62,34,9.31,80.15300623918512
472,Qaqortoq,33.75,100,79,4.65,77.96440331952499
473,Birjand,63.81,0,3,5.7,-4.193325433984569
474,Krasnosel'kup,32.95,100,79,16.87,35.99126782664624
475,Kalach-na-Donu,51.87,0,70,8.46,-45.892381550910855
476,Rafai,68.45,100,99,1.25,-55.58367983909187
477,Otavi,69.55,12,15,9.89,-5.076486811309749
478,Dingle,87.42,55,69,7.87,76.41253880238975
479,Escanaba,39.09,100,93,6.91,48.485651638457654
480,Balabac,82.56,100,77,8.32,26.7747095354365
481,Dhārchula,70.65,100,72,3.42,-58.82661106049211
482,Nouna,77.81,65,70,4.07,34.53147133599144
483,Polis,61.29,0,90,5.68,87.8537799542649
484,Dehui,52.72,6,31,10.13,49.05143329504699
485,Salinas,57.16,100,84,0.0,48.87601671384911
486,Iskateley,42.39,100,92,17.6,20.247061798682353
487,Kūdligi,74.28,99,81,9.55,-52.77650443687751
488,Khūtār,70.14,100,96,9.73,-50.294146479667745
489,Tateyama,58.93,75,94,9.22,-14.277155538451908
490,Vorobyevka,47.89,9,89,6.89,-11.15785123719516
491,Sioux Lookout,26.67,20,93,0.0,-85.56416985528483
492,Buchanan,75.45,99,88,3.24,-75.23952732826254
493,Asunción,58.44,0,88,4.61,23.03766566390418
494,Sirte,71.17,11,71,5.23,-11.394615423929864
495,Xinmin,58.95,1,33,9.66,24.77674247181335
496,Kantang,85.98,90,99,3.89,8.154576137905309
497,Nagato,64.72,100,76,18.68,-70.59410531828146
498,Aljezur,65.53,84,70,1.57,23.88473635217113
499,Ambajogai,71.42,100,95,4.59,88.24130330385475
500,Fairbanks,51.53,100,63,4.85,39.66757476547292
501,Cuamba,70.57,1,46,4.07,7.806733688740721
502,Fairmont,52.56,9,95,4.61,70.07433285202353
503,Nueve de Julio,52.97,1,70,1.99,45.80231167835103
504,Van,61.2,0,33,6.24,67.77027246684148
505,Hambantota,86.34,20,70,9.22,-39.93316779796644
506,Carahue,53.38,100,97,4.92,65.84503138081843
507,Rong Kwang,82.44,7,63,0.78,-33.73039406853347
508,Nhulunbuy,86.61,75,66,13.8,-54.42698985565788
509,Alta Floresta,75.96,50,55,1.54,-25.236771937564825
510,Saint-Pierre,72.66,0,56,9.22,67.38411880890317
511,Nioro,75.13,2,93,4.52,21.93706051771872
512,Kimbe,89.82,95,57,7.94,61.695310713252695
513,Bairiki Village,86.0,20,70,10.36,3.6947986062035056
514,Abaetetuba,76.19,60,85,6.29,-26.559895711125023
515,Parksville,63.82,100,59,3.53,-32.0356258298023
516,Poso,87.67,100,61,5.17,41.43873613799798
517,Kupino,50.5,100,36,7.58,67.84162929534048
518,Calama,43.29,0,11,16.11,-17.064064179060708
519,Poum,75.99,1,71,10.83,-18.305408091132378
520,Rome,56.8,100,95,0.0,-76.43082073401992
521,Hirara,80.51,16,77,14.94,61.68513070342169
522,Biysk,44.89,65,72,7.54,-22.52340054644496
523,Weligama,80.96,94,77,12.08,-46.72894595644512
524,Melfi,56.52,100,61,2.62,-80.33501947107092
525,Zemio,67.42,100,98,1.39,84.97267881800465
526,Kandrian,86.95,97,65,12.64,88.08259174078913
527,Vila Franca do Campo,67.19,40,85,4.32,-38.551037996700344
528,Zhaotong,49.19,100,88,1.01,-78.02842744573277
529,Ylivieska,48.31,96,84,11.68,29.42782125268326
530,Oktyabr'skiy,41.63,9,91,5.32,-84.7416321476626
531,Wajir,73.78,89,74,12.55,14.634844817276218
532,Road Town,80.69,11,77,16.89,-87.37259698826277
533,Chulumani,62.17,57,94,1.92,53.96439115814627
534,Opportunity,62.94,0,49,0.0,89.28983935955486
535,Chernukha,46.02,99,91,10.45,-74.26149428864684
536,Malbork,45.88,0,81,8.46,39.79481246301046
537,Novomikhaylovskiy,54.55,0,80,12.03,39.96840793956932
538,Oksovskiy,46.74,100,87,11.97,40.58460902244309
539,Arrondissement de Saint-Denis,44.35,0,92,4.61,42.864404775688115
540,Ischia,67.1,100,76,1.99,48.48212617034508
541,Cumaral,71.62,100,93,5.1,-83.25169001671097
542,Sorong,83.61,98,74,6.13,-37.8519530784086
543,Zyryanovsk,47.5,7,55,1.21,67.02406819423325
544,Bonavista,53.87,22,88,4.7,89.70537708558379
545,Chongqing,63.23,100,87,5.01,-32.16782192286243
546,Bose,57.11,12,83,3.33,46.46172510155159
547,Ketchikan,56.01,15,90,4.32,-85.37643256427444
548,Abalak,48.09,100,49,7.94,62.051146116585585
549,Acapulco de Juárez,78.98,52,81,3.42,1.6453435320501342
550,Manokwari,84.02,99,69,8.41,-37.25395443495584
551,Lázaro Cárdenas,78.21,95,81,3.06,-71.09232019536371
552,Ngunguru,56.39,16,53,5.53,8.607016658273494
553,Manggar,82.56,100,70,3.87,-83.48635117162564
554,San Quintín,67.87,14,85,8.63,-53.60319446348892
555,Asilah,71.56,50,83,16.82,5.458036599909462
556,Baykal'sk,33.89,100,84,3.85,3.355620461042335
557,Jacqueville,75.79,95,90,8.23,-68.61364078169822
558,Hervey Bay,77.02,70,56,5.99,3.6270328551969016
559,Salalah,78.3,98,77,5.84,-54.144094077584754
560,Quelimane,71.2,6,91,4.25,13.39592655283046
561,Faya,59.52,90,37,2.8,-33.40363181691657
562,Aasiaat,21.78,100,92,8.28,-44.10773029098511
563,Petropavlovsk-Kamchatskiy,48.79,75,40,8.95,35.99109685657909
564,Spornoye,46.26,18,95,7.85,32.77936142664029
565,Chicama,57.74,36,86,5.48,-9.35879752423341
566,Mīāndoāb,63.75,0,40,4.38,4.372341625365436
567,Filingué,87.04,86,37,4.81,-65.46865024751602
568,Ozinki,45.1,34,81,6.73,-47.466336384459076
569,Olyka,43.93,7,93,2.17,-82.38641713139125
570,West Wendover,61.81,0,34,0.0,-21.83110803202638
571,San Angelo,71.65,100,44,4.61,17.57930053071007
572,São Filipe,78.69,53,84,5.14,3.0569411667954114
573,San Andrés,78.82,75,94,6.91,49.400820833908114
574,Goderich,53.91,100,85,20.49,-3.290292249607319
